Date,Subject or Title,Sent,Delivered,Total Opens,Unique Opens,Open Rate,Unique Clicks,Click-Through Rate,Verified Unique Clicks,Verified Click-Through Rate,Unsubscribed,Unsubscribe Rate,Spam Reported,Spam Reported Rate,Web Views,Web Clicks Unique,Web Click Rate,Post ID,Content Tags,Delivery Rate
"May 28, 2025","Big Tech, Bigger Battles: Fortnite Dances All O...",58,58,255,53,91.38%,47,88.68%,47,88.68%,0,0.00%,0,,46,4,8.70%,15589269-9605-4f9d-b70c-07f225e35a25,Daily News,100.00
"May 29, 2025",Ctrl+Alt+Delete: Putin’s Digital Purge,58,58,168,41,70.69%,21,51.22%,20,48.78%,0,0.00%,0,,9,1,11.11%,03abc079-3467-4c17-af30-6d1851591a66,Daily News,100.00
"May 30, 2025","AI, Apps & Auto Fails: This Week",58,58,95,38,65.52%,15,39.47%,14,36.84%,0,0.00%,0,,11,2,18.18%,8daed451-0077-4b3e-a696-b854e87f6cf9,Daily News,100.00
"Jun 2, 2025",Big Tech Hears All (And Pays Up),58,58,88,41,70.69%,8,19.51%,7,17.07%,0,0.00%,0,,1,0,0.00%,74c18208-a849-4d02-bc68-a3b71ef5a6f2,Daily News,100.00
"Jun 3, 2025","Call of Duty, Now Microsoft’s Problem",58,58,101,39,67.24%,8,20.51%,7,17.95%,0,0.00%,0,,6,0,0.00%,d981ca7f-4b07-4e27-b796-3a414b00651a,Daily News,100.00
"Jun 4, 2025",Google’s Monopoly in the Hot Seat,58,58,94,38,65.52%,7,18.42%,6,15.79%,0,0.00%,0,,8,0,0.00%,8eb6d051-f512-4e8b-ba27-bb1e5ecab0c3,Daily News,100.00
"Jun 5, 2025",Apple’s Garden Gets a Gate,58,58,73,39,67.24%,8,20.51%,8,20.51%,1,1.72%,0,,1,0,0.00%,3b300c35-7aac-49f4-9204-32e9f82ad71d,Daily News,100.00
"Jun 6, 2025",Electric Planes Take Off,57,57,60,40,70.18%,8,20%,8,20%,0,0.00%,0,,3,0,0.00%,2731c010-968e-4641-8257-d5a80b1e4e36,Daily News,100.00
"Jun 9, 2025",Browsers Get Bored—Go Full AI,313,313,278,179,57.19%,11,6.15%,10,5.59%,4,1.28%,0,,7,1,14.29%,ebc08442-7bc4-4825-abcb-8daaa71c5609,Daily News,100.00
"Jun 10, 2025",Boardroom Blunders & AI Wonders,309,306,255,166,54.25%,9,5.42%,8,4.82%,2,0.65%,0,,7,0,0.00%,3327300d-6caa-4449-bbc3-96b31697276d,Daily News,99.03
"Jun 11, 2025",AI vs Artists: Copyright Showdown,307,304,217,130,42.76%,14,10.77%,13,10%,3,0.99%,0,,11,2,18.18%,093d229d-64dc-46c7-be9b-1559c7e15e76,Daily News,99.02
"Jun 12, 2025",When AI Stays on Your Device,305,302,262,169,55.96%,13,7.69%,12,7.10%,2,0.66%,0,0.00%,5,0,0.00%,2bdeac3b-f82d-4965-9132-6194bac64e0c,Daily News,99.02
"Jun 13, 2025",Chatbots in the Cloud: Plot Twist,303,300,202,136,45.33%,7,5.15%,7,5.15%,0,0.00%,0,0.00%,6,0,0.00%,080a86d4-143b-4edf-899c-226dfdee52a5,Daily News,99.01
"Jun 16, 2025",The Secret Life of SaaS Bots,303,299,200,135,45.15%,10,7.41%,10,7.41%,1,0.33%,0,0.00%,3,1,33.33%,4d3c7271-3a9e-40b8-91d4-d94d25fab524,Daily News,98.68
"Jun 17, 2025",Your Startup Just Got Acquihired,0,0,0,0,,0,,0,,0,,0,,42,2,4.76%,ba952100-6616-49c1-8ddd-2a72fbc270f7,Daily News,#DIV/0!
"Jun 18, 2025",The Island That Runs the Machines,797,785,588,439,55.92%,21,4.78%,17,3.87%,7,0.89%,0,0.00%,5,0,0.00%,4a6431a6-57f1-41f2-bac4-4b18ed65c71c,Daily News,98.49
"Jun 19, 2025",Build Your Own AI—Or Else,"1,288","1,270",974,706,55.59%,23,3.26%,17,2.41%,13,1.02%,0,0.00%,5,0,0.00%,26081922-b282-47d6-ae3e-92b0e787fe07,Daily News,98.60
"Jun 20, 2025",Trouble in the AI Paradise,"2,320","2,286","1,834","1,296",56.69%,42,3.24%,29,2.24%,25,1.09%,1,50.00%,72,2,2.78%,901e3ab1-55bf-47f9-9ac4-75f3feac2ffc,Daily News,98.53
"Jun 23, 2025",Virtual Personalities Take Over,"2,295","2,244","1,779","1,279",57.00%,49,3.83%,32,2.50%,25,1.11%,0,0.00%,8,1,12.50%,cc8493a2-9c0f-4acd-bf98-6e546651d589,Daily News,97.78
"Jun 24, 2025",The Future’s in the Passenger Seat,"2,271","2,217","1,400","1,004",45.29%,31,3.09%,29,2.89%,22,0.99%,0,0.00%,19,0,0.00%,c8908737-b6f1-4fec-8b3c-c35b1436420f,Daily News,97.62
"Jun 25, 2025",The Internet vs. AI Slop,"3,241","3,177","2,541","1,883",59.27%,45,2.39%,35,1.86%,35,1.10%,0,0.00%,11,0,0.00%,341b666a-343d-48d4-9e8e-1f9b4ee53988,Daily News,98.03
"Jun 26, 2025",Remix or Rewrite?,"3,207","3,114","1,801","1,223",39.27%,41,3.35%,34,2.78%,30,0.96%,0,0.00%,7,1,14.29%,06d0a37c-ae28-4ee5-97df-6912b45db28f,Daily News,97.10
"Jun 27, 2025",Governing the Algorithm Age,"3,177","3,087","2,481","1,821",58.99%,48,2.64%,34,1.87%,31,1.00%,0,0.00%,27,1,3.70%,e82eeab7-d349-4b73-938a-9946ae80a231,Daily News,97.17
"Jun 30, 2025",Chasing True Intelligence,"5,101","4,989","3,048","2,162",43.34%,63,2.91%,55,2.54%,58,1.16%,0,0.00%,21,1,4.76%,b73cf6cd-c576-493f-8df2-fb234aefd428,Daily News,97.80
"Jul 1, 2025",CEO Money for Coders,"5,044","4,914","3,623","2,637",53.66%,65,2.46%,37,1.40%,39,0.79%,0,0.00%,38,0,0.00%,b608a952-6fbe-4d6b-a8f0-ce97b284b46c,Daily News,97.42
"Jul 2, 2025","Hype, Sanctions, and the R1 Shockwave","6,950","6,783","4,733","3,399",50.11%,93,2.74%,67,1.97%,77,1.14%,0,0.00%,12,0,0.00%,acd9c0c7-17d5-4b9b-98bd-57a8d5df33bd,Daily News,97.60
"Jul 3, 2025",China’s Chipless AI Charge,"6,975","6,788","4,643","3,339",49.19%,90,2.70%,61,1.83%,72,1.06%,0,0.00%,25,0,0.00%,528bbe97-c9bc-43c1-9cd7-e136d6a01e4d,Daily News,97.32
"Jul 4, 2025",Huawei’s AI Gambit,"6,915","6,706","5,455","3,940",58.75%,90,2.28%,52,1.32%,53,0.79%,0,0.00%,12,1,8.33%,024551c7-0d81-4e0d-b04d-da383f2906c4,Daily News,96.98
"Jul 7, 2025",Europe Stalls; AI Giants Accelerate,"8,817","8,589","6,289","4,642",54.05%,105,2.26%,70,1.51%,78,0.91%,0,0.00%,33,0,0.00%,b8367072-6028-40b4-960e-5944aa1cdab1,Daily News,97.41
"Jul 8, 2025","New App, Same TikTok Drama","8,717","8,457","5,977","4,435",52.44%,79,1.78%,64,1.44%,89,1.05%,0,0.00%,24,0,0.00%,b71b9b07-ded0-49d5-a4f1-f766d556f7b9,Daily News,97.02
"Jul 9, 2025","Small Models, Big Wins",97,84,31,24,28.57%,1,4.17%,1,4.17%,1,1.19%,0,,0,0,,87b8c65d-c0da-45d8-a937-1ceeb8d08c6c,Daily News,86.60
"Jul 9, 2025","Small Models, Big Wins","12,429","12,134","9,532","7,067",58.24%,148,2.09%,119,1.68%,148,1.22%,0,0.00%,34,2,5.88%,0dbb6230-8f46-4800-b9a7-4e2da4269b70,Daily News,97.63
"Jul 10, 2025",AI Homeroom Hustle,"12,378","12,004","8,150","6,016",50.12%,101,1.68%,73,1.21%,92,0.77%,0,0.00%,26,1,3.85%,ebe453d8-ab8c-4624-8b07-7bb5672e8631,Daily News,96.98
"Jul 11, 2025",Chrome Killer?,"12,282","11,892","5,556","3,878",32.61%,133,3.43%,71,1.83%,86,0.72%,0,0.00%,24,1,4.17%,0854e329-9328-487c-a3d6-2bde2c4e307f,Daily News,96.82
"Jul 14, 2025",Grok 4 Goes Rogue—You In?,"14,712","14,287","6,023","4,282",29.97%,129,3.01%,87,2.03%,92,0.64%,0,0.00%,66,0,0.00%,370380bf-1b65-4176-9763-3f488d90c003,Daily News,97.11
"Jul 15, 2025",AI tools are killing junior jobs—let’s talk,"15,591","15,108","6,380","4,509",29.85%,158,3.50%,69,1.53%,76,0.50%,1,8.33%,23,1,4.35%,e5e3a367-0d54-4717-8ced-6b30948fc8f3,Daily News,96.90
"Jul 16, 2025","CUDA, GPUs & $3T later: Nvidia’s AI glow-up","13,182","12,790","5,709","3,682",28.79%,70,1.90%,57,1.55%,70,0.55%,0,0.00%,25,2,8.00%,bd24afd6-f868-4154-8721-067f6381612c,Daily News,97.03
"Jul 17, 2025",AI Chips vs. Rocks: Who Wins the Next War?,"13,220","12,891","4,948","3,539",27.45%,119,3.36%,65,1.84%,61,0.47%,0,0.00%,20,0,0.00%,204fe93b-cfe9-4280-986b-ffa9978c2d65,Daily News,97.51
"Jul 18, 2025",AI tools boost productivity—at the cost of yo...,"12,468","12,178","8,449","6,446",52.93%,95,1.47%,49,0.76%,49,0.40%,0,0.00%,20,0,0.00%,e13fcf00-296d-4c10-8d1c-9d5994243a9c,Daily News,97.67
"Jul 21, 2025",Cybercrime’s new BFF? Your AI stack,"16,008","15,563","5,426","3,859",24.80%,80,2.07%,61,1.58%,78,0.50%,1,10.00%,24,0,0.00%,fa5f4281-843c-4ee5-8ed4-16844705ba8b,Daily News,97.22
"Jul 22, 2025",The Web’s New Tollbooth,"15,934","14,956","9,920","7,995",53.46%,100,1.25%,52,0.65%,63,0.42%,0,0.00%,119,0,0.00%,415f6b26-c89c-495a-ac53-7779567d0753,Daily News,93.86
"Jul 23, 2025",The Race To Replace Search As We Know It,"16,540","15,536","11,296","8,766",56.42%,109,1.24%,69,0.79%,81,0.52%,0,0.00%,37,0,0.00%,6d7f6fd3-deb4-4c67-a0ce-436e27370fcd,Daily News,93.93
"Jul 24, 2025",OpenAI’s Grip On AI Slips,"16,107","15,114","11,794","9,425",62.36%,69,0.73%,32,0.34%,43,0.28%,0,0.00%,30,0,0.00%,0c8c6309-ca7b-482c-b914-ad02f82f288b,Daily News,93.83
"Jul 25, 2025",Perplexity’s Profit Puzzle,"14,840","13,942","11,638","9,207",66.04%,165,1.79%,59,0.64%,65,0.47%,0,0.00%,85,2,2.35%,4a796fb8-df8a-42de-b70c-305d8b4fd9de,Daily News,93.95
"Jul 28, 2025",Is Your AI Secretly Red or Blue?,"36,545","35,406","24,864","20,425",57.69%,227,1.11%,144,0.71%,227,0.64%,2,11.11%,73,2,2.74%,42ae67e5-b9ad-49f9-bc64-b1f33f2ad945,Daily News,96.88
"Jul 29, 2025",AI Takes Your Call,"36,326","34,888","23,715","19,978",57.26%,195,0.98%,102,0.51%,185,0.53%,2,11.11%,81,1,1.23%,a9a3a4f6-3417-4b2e-a205-ad882e628588,Daily News,96.04
"Jul 30, 2025",Vibe Coding Takes The Wheel,"39,264","37,370","10,240","7,538",20.17%,169,2.24%,126,1.67%,170,0.45%,1,5.88%,85,3,3.53%,9e744bb9-dbcb-4867-b3d6-0a892dbac0ab,Daily News,95.18
"Jul 31, 2025",AI’s Transparency Test,"39,072","36,956","25,201","20,550",55.61%,152,0.74%,99,0.48%,125,0.34%,1,6.67%,46,0,0.00%,de427a42-4fb7-4dd7-b0e3-b1e6d9d6c2f6,Daily News,94.58
"Aug 1, 2025","AI Cold War: Chips, Treaties, And Power","26,235","25,423","10,093","7,367",28.98%,118,1.60%,68,0.92%,104,0.41%,1,7.69%,57,2,3.51%,3eb0d9f7-c82f-42d6-a7f4-7745d7d7e2c3,Daily News,96.90
"Aug 4, 2025",Cloud Power: The Hidden AI Edge,"33,205","32,942","26,069","21,811",66.21%,173,0.79%,112,0.51%,177,0.54%,1,8.33%,65,1,1.54%,72e8e213-e611-484d-b057-6634e05365cb,Daily News,99.21
"Aug 5, 2025","Code, Cash, And Characters","33,024","32,640","12,336","9,051",27.73%,146,1.61%,85,0.94%,156,0.48%,0,0.00%,53,1,1.89%,789064f1-f279-495d-afad-ef6d3817738a,Daily News,98.84
"Aug 6, 2025",Fixing AI’s Hallucination Problem,"42,868","42,349","12,903","8,839",20.87%,184,2.08%,130,1.47%,223,0.53%,5,29.41%,34,2,5.88%,b5708c23-4a28-4174-999a-39c626f18e15,Daily News,98.79
"Aug 7, 2025",Kill Switch Or Chaos?,"37,834","37,382","32,174","26,629",71.23%,203,0.76%,136,0.51%,215,0.58%,1,5.88%,64,1,1.56%,d3e4874b-ddb6-4e5a-9efc-9c192618ce6a,Daily News,98.81
"Aug 8, 2025",The Future Of AI Software,"37,627","37,147","32,602","27,533",74.12%,178,0.65%,104,0.38%,134,0.36%,0,0.00%,30,1,3.33%,02175671-7066-4899-8a66-15c059cfd676,Daily News,98.72
"Aug 11, 2025",Will AI Agents Kill SaaS?,"47,231","46,721","39,833","32,591",69.76%,305,0.94%,211,0.65%,421,0.90%,2,5.00%,34,1,2.94%,1911c755-5c94-403d-90b9-7b1f7c055eed,Daily News,98.92
"Aug 12, 2025",Intel’s $100B Bet Meets Washington,"46,817","46,052","39,954","33,691",73.16%,230,0.68%,163,0.48%,242,0.53%,0,0.00%,41,2,4.88%,dc506bd5-8355-4a38-851d-de40d8f59ce9,Daily News,98.37
"Aug 13, 2025",GPT-5: Rerouting The Future,"46,484","45,707","39,263","33,033",72.27%,283,0.86%,182,0.55%,210,0.46%,1,2.56%,69,3,4.35%,e0273de5-abf5-403d-93b3-e86345819cd6,Daily News,98.33
"Aug 14, 2025",AI’s Data Hunger,"55,560","54,692","42,720","35,230",64.42%,291,0.83%,209,0.59%,297,0.54%,2,4.26%,55,5,9.09%,1f2a1df0-5a5a-4bfa-9495-bc8ac4b4fcf3,Daily News,98.44
"Aug 15, 2025",Why Nvidia and Alphabet are backing safer AI,"53,756","53,326","47,302","39,116",73.35%,304,0.78%,187,0.48%,310,0.58%,0,0.00%,33,1,3.03%,e60ad3ac-4eb4-46ce-8588-40b2b7b72fc4,Daily News,99.20
"Aug 18, 2025",Not-So-Smart Apple,"68,055","67,510","58,301","47,606",70.52%,520,1.09%,394,0.83%,635,0.94%,0,0.00%,87,3,3.45%,2ec63217-ba63-495a-bff8-518e76c7bd78,Daily News,99.20
"Aug 19, 2025",Is It Real Or Just AI?,"63,069","62,515","56,599","47,215",75.53%,353,0.75%,245,0.52%,296,0.47%,0,0.00%,73,4,5.48%,caff0376-9035-4aa6-9d35-51e0266d0563,Daily News,99.12
"Aug 20, 2025",What’s Fueling AI Hype?,"70,763","70,112","27,314","19,560",27.90%,412,2.11%,305,1.56%,385,0.55%,0,0.00%,100,7,7.00%,2d88bff2-b307-4ac5-a069-e74b863e26d1,Daily News,99.08
"Aug 21, 2025",Talking Toys And Chips,"61,688","61,179","56,148","43,070",70.40%,791,1.84%,602,1.40%,670,1.10%,1,3.33%,103,1,0.97%,b0500402-ba98-4b77-abe1-a81a227513e6,Daily News,99.17
"Aug 22, 2025",Meta Faces New Firestorm,"60,925","60,407","44,090","34,778",57.57%,405,1.16%,264,0.76%,277,0.46%,2,6.45%,73,1,1.37%,4e4c3310-8c08-4ea3-aa11-006632322c55,Daily News,99.15
"Aug 25, 2025",AI Wants To Be Your Coach,"85,551","85,058","115,997","66,078",77.69%,"1,039",1.57%,624,0.94%,833,0.98%,2,5.13%,243,2,0.82%,708da055-082d-4bce-8767-b18ea66d9c54,Daily News,99.42
"Aug 26, 2025",Can AI Ever Be “Alive”?,"84,724","84,069","85,523","65,147",77.49%,774,1.19%,592,0.91%,774,0.92%,2,5.00%,92,5,5.43%,c27bfdee-02fd-45c2-83c0-ed1c07c345a1,Daily News,99.23
"Aug 27, 2025",The Rise Of Smart Surveillance,"98,699","97,926","79,513","61,398",62.70%,927,1.51%,641,1.04%,901,0.92%,0,0.00%,152,6,3.95%,dbaaa417-1f1e-4b74-a90f-a8cc0117cf2b,Daily News,99.22
"Aug 28, 2025","Apple, OpenAI, And A Lawsuit","85,464","84,558","62,617","47,918",56.67%,760,1.59%,415,0.87%,542,0.64%,0,0.00%,189,2,1.06%,4b95a0e1-ef49-4e91-b624-b39ea86be997,Daily News,98.94
"Aug 29, 2025",Apple’s AI Gamble,"84,862","84,190","79,457","63,220",75.09%,593,0.94%,378,0.60%,453,0.54%,1,2.22%,115,1,0.87%,f000bc4f-7bd3-40bd-b0a7-50c695d644e5,Daily News,99.21
"Sep 1, 2025",Can Intel Catch Up?,"92,193","91,553","83,819","66,872",73.04%,661,0.99%,432,0.65%,673,0.74%,3,6.82%,104,0,0.00%,3e3bfc29-3667-4b4f-8d8d-5803455ce040,Daily News,99.31
"Sep 2, 2025",When AI Goes To War,"91,654","90,898","69,213","53,511",58.87%,745,1.39%,495,0.93%,703,0.77%,0,0.00%,97,4,4.12%,4a124243-a009-4637-8bef-17dddda72a03,Daily News,99.18
"Sep 3, 2025",The Rise Of Virtual Companions,"105,376","104,460","98,426","76,000",72.76%,965,1.27%,680,0.89%,973,0.93%,5,10.64%,231,3,1.30%,f9394621-89fb-4c7e-ae27-196f79e74f10,Daily News,99.13
"Sep 4, 2025",Who Regulates The Regulators?,"98,379","97,522","98,931","79,829",81.86%,816,1.02%,465,0.58%,620,0.64%,0,0.00%,66,0,0.00%,8a25fbc0-7fcb-41b5-b240-bbadc7356c19,Daily News,99.13
"Sep 5, 2025",Rethinking R&D With AI,"111,109","110,105","64,652","44,373",40.30%,848,1.91%,566,1.28%,746,0.68%,1,1.96%,56,3,5.36%,efac7f6a-4452-482f-a29a-b86177373cd7,Daily News,99.10
"Sep 8, 2025",Clankers Go Mainstream,"104,929","103,967","101,318","78,654",75.65%,"1,298",1.65%,802,1.02%,893,0.86%,0,0.00%,265,6,2.26%,5b0cbf5e-25c3-48a7-a2a7-a37473566192,Daily News,99.08
"Sep 9, 2025",How Nvidia Quietly Runs AI,"103,911","102,899","88,707","68,492",66.56%,907,1.32%,523,0.76%,501,0.49%,0,0.00%,124,4,3.23%,d9171b8c-568c-4adb-ad19-cec488c947b4,Daily News,99.03
"Sep 10, 2025",Copyright’s AI Reckoning,"99,563","98,547","103,667","81,487",82.69%,"1,069",1.31%,629,0.77%,467,0.47%,0,0.00%,214,4,1.87%,fb1f8d00-ae37-432d-8172-3795dc7de3cf,Daily News,98.98
"Sep 11, 2025",Is AI Killing the Web?,"108,393","107,421","99,612","77,459",72.11%,"1,868",2.41%,440,0.57%,684,0.64%,2,3.70%,126,7,5.56%,c7c579a2-c976-4c07-bf3d-9bc61598e242,Daily News,99.10
"Sep 12, 2025","AI, The Apple Way","107,530","106,470","104,688","82,285",77.28%,"1,304",1.58%,406,0.49%,536,0.50%,0,0.00%,161,1,0.62%,9e80ed33-55d6-43d5-9df5-d3350f0c4a2d,Daily News,99.01
"Sep 15, 2025","Smaller, Local, Smarter?","106,891","105,822","100,511","79,063",74.71%,"1,321",1.67%,362,0.46%,464,0.44%,1,1.75%,234,5,2.14%,649162b9-6361-486b-bd8c-f1902a113757,Daily News,99.00
"Sep 16, 2025",Turning Prompts Into Profit,"111,924","110,960","106,329","83,165",74.95%,"1,188",1.43%,440,0.53%,600,0.54%,0,0.00%,153,1,0.65%,d82597f2-bf84-44f1-92df-14329fb58e7b,Daily News,99.14
"Sep 17, 2025","Multi-Model, Multi-Billion","112,970","111,407","106,626","84,097",75.49%,"2,029",2.41%,475,0.56%,624,0.56%,0,0.00%,234,5,2.14%,c03b8a57-0d09-4be9-a25a-d72fbb791abe,Daily News,98.62
"Sep 18, 2025",FTC Turns Up The Heat On AI,"112,348","111,039","97,063","75,378",67.88%,"1,092",1.45%,385,0.51%,503,0.45%,0,0.00%,213,1,0.47%,01fd9ea6-dc84-40b1-9e00-35675111bf17,Daily News,98.83
"Sep 19, 2025",How AI Still Causes Harm,"106,496","105,455","116,675","94,105",89.24%,888,0.94%,308,0.33%,373,0.35%,0,0.00%,156,2,1.28%,d6d69449-887e-4c76-88ea-48e87237e611,Daily News,99.02
"Sep 22, 2025",Why Nvidia Just Got Banned Again,"104,829","103,507","44,559","30,453",29.42%,518,1.70%,213,0.70%,291,0.28%,0,0.00%,163,4,2.45%,c8f07158-5906-4905-af16-03261a9aa0dc,Daily News,98.74
"Sep 23, 2025",China’s AI Underdog Play,"117,469","116,365","64,487","47,091",40.47%,"1,440",3.06%,383,0.81%,507,0.44%,0,0.00%,238,6,2.52%,48f9a80c-8d7b-4586-9969-bf6be96fa37f,Daily News,99.06
"Sep 24, 2025",Beyond the Model: Hardware,"118,796","117,159","93,567","75,320",64.29%,817,1.08%,258,0.34%,359,0.31%,0,0.00%,173,0,0.00%,0dc39777-5154-4e50-ac9e-14133ea7116b,Daily News,98.62
"Sep 25, 2025",UN Rules For The AI Race,"118,432","117,024","111,971","91,765",78.42%,889,0.97%,268,0.29%,372,0.32%,0,0.00%,54,3,5.56%,0e81eedc-a4b1-4a01-979b-be5031ea4485,Daily News,98.81
"Sep 26, 2025",Nvidia’s Mega Bet,"112,279","110,760","85,817","67,013",60.50%,"1,503",2.24%,252,0.38%,368,0.33%,1,1.39%,65,3,4.62%,a25cde22-8bcd-4602-8a80-9785ad492a18,Daily News,98.65
"Sep 29, 2025",Robo-Broker Or Risk Magnet?,"130,829","129,542","128,738","107,037",82.63%,"1,360",1.27%,270,0.25%,411,0.32%,1,0.14%,206,2,0.97%,f0e368f3-f751-4000-a77d-4e8584e88cf1,Daily News,99.02
"Sep 30, 2025",Property Meets The Prompt,"135,996","134,770","65,336","47,432",35.19%,"1,494",3.15%,401,0.85%,524,0.39%,0,0.00%,561,2,0.36%,d0ac14ae-b47f-4038-8351-9d3eb3e23240,Daily News,99.10
"Oct 1, 2025",AI Meets Hollywood Drama,"123,484","122,045","60,726","43,951",36.01%,766,1.74%,286,0.65%,351,0.29%,0,0.00%,"1,941",3,0.15%,4014249e-9579-43be-8c7c-59070c82ab57,Daily News,98.83
"Oct 2, 2025",Filters Aren’t Enough,"127,705","126,479","85,060","59,149",46.77%,"1,752",2.96%,749,1.27%,794,0.63%,0,0.00%,"2,503",1,0.04%,6a64fceb-5eaa-4588-8040-0415e03837f7,Daily News,99.04
"Oct 3, 2025",Chatbots Won’t Say That,"124,114","122,526","75,539","52,726",43.03%,"1,048",1.99%,833,1.58%,741,0.60%,1,0.14%,"2,362",6,0.25%,b00aeb86-12ac-439b-a912-c24caa5c9bb7,Daily News,98.72
"Oct 6, 2025",The Hidden Risks Of AI Companion,"127,322","126,058","55,185","37,374",29.65%,575,1.54%,242,0.65%,269,0.21%,0,0.00%,105,1,0.95%,10cd70cd-a91c-48a1-9281-a7a2442a1a8d,Daily News,99.01
"Oct 7, 2025","Digital Doubles, Real Lawsuits","123,097","121,903","52,989","35,517",29.14%,524,1.48%,356,1%,304,0.25%,0,0.00%,72,4,5.56%,540c8025-b220-44c3-a7a2-35701ccfcdad,Daily News,99.03
"Oct 8, 2025",Sora’s Slippery Slope,"132,238","130,918","56,933","38,487",29.40%,709,1.84%,460,1.20%,494,0.38%,0,0.00%,134,3,2.24%,aee7d867-e398-48a3-aeb5-9f069f768c85,Daily News,99.00
"Oct 9, 2025",ChatGPT’s Big App Store Moment,"122,774","120,758","51,943","34,270",28.38%,397,1.16%,236,0.69%,216,0.18%,0,0.00%,102,4,3.92%,e35aa6bb-f231-407e-817c-4cba5d129270,Daily News,98.36
"Oct 10, 2025",AI’s Mental Health Crisis,"122,414","120,328","52,641","35,127",29.19%,413,1.18%,246,0.70%,269,0.22%,0,0.00%,115,3,2.61%,e7b20993-877b-4c51-9a1e-00e82a46681c,Daily News,98.30
"Oct 13, 2025",AI For All... Or Just  Few?,"117,496","115,922","90,645","71,971",62.09%,471,0.65%,228,0.32%,263,0.23%,0,0.00%,66,3,4.55%,ff3b5917-3ba4-4b57-98da-df1cdd5268cb,Daily News,98.66
"Oct 14, 2025",Rethinking Your AI Stack,"121,816","119,793","49,616","33,482",27.95%,367,1.10%,192,0.57%,242,0.20%,0,0.00%,220,0,0.00%,738472ee-377c-41cc-bd7f-b9feaf95fea0,Daily News,98.34
"Oct 15, 2025",Coding Isn’t Dead Yet,"122,234","121,040","53,655","35,120",29.02%,388,1.10%,250,0.71%,304,0.25%,0,0.00%,123,5,4.07%,b3eac939-0b1a-4422-bcf6-315eaa246f1a,Daily News,99.02
"Oct 16, 2025",AI Is Rewriting Healthcare,"117,459","116,332","51,944","33,794",29.05%,495,1.46%,202,0.60%,207,0.18%,0,0.00%,128,0,0.00%,5ce966f5-f1f7-4d0e-9bed-e9e2f9ed2bc4,Daily News,99.04
"Oct 17, 2025",Texas Takes On Google,"116,077","114,112","84,224","66,463",58.24%,331,0.50%,171,0.26%,221,0.19%,0,0.00%,104,2,1.92%,cb3aca92-8341-4b51-b778-c69d46471ef8,Daily News,98.31
"Oct 20, 2025","Chip Bans, Big Stakes","113,895","112,762","51,891","37,073",32.88%,424,1.14%,235,0.63%,214,0.19%,0,0.00%,"1,553",3,0.19%,a673668d-e1a1-4527-8cdc-77972680f860,Daily News,99.01
"Oct 21, 2025",When Genomics Goes Wrong,"130,219","128,807","67,828","47,359",36.77%,579,1.22%,312,0.66%,342,0.27%,0,0.00%,138,2,1.45%,8136714a-55ed-4b66-8a52-d4125710fe0e,Daily News,98.92
"Oct 22, 2025",Notes From An AI Sociopath,"132,970","130,722","58,755","41,050",31.40%,475,1.16%,298,0.73%,397,0.30%,1,0.09%,160,10,6.25%,61b73bf7-61b8-4bd0-a8fd-71f6b4bc14ca,Daily News,98.31
"Oct 23, 2025",Agents vs. Chatbots: Not the Same,"125,173","123,910","67,452","48,013",38.75%,"1,090",2.27%,662,1.38%,310,0.25%,0,0.00%,245,8,3.27%,3d693d6f-fd45-4156-bf9e-8a4fb7132fa9,Daily News,98.99
"Oct 24, 2025",Powering AI From Space,"124,414","122,276","63,530","44,611",36.48%,"6,072",13.61%,192,0.43%,249,0.20%,0,0.00%,774,2,0.26%,9ddd13ce-6ce8-4315-8f05-61ef54122e81,Daily News,98.28
"Oct 27, 2025",The Future Is Rendered,"119,350","118,142","65,310","46,052",38.98%,534,1.16%,252,0.55%,257,0.22%,0,0.00%,72,4,5.56%,188bbb5f-94b7-4d30-9e68-095335092ad4,Daily News,98.99
"Oct 28, 2025",When AI Shops For You,"118,524","117,332","62,726","45,053",38.40%,451,1%,189,0.42%,210,0.18%,0,0.00%,232,3,1.29%,e883b602-c768-4bcb-b10e-57a183876883,Daily News,98.99
"Oct 29, 2025",The Quiet Power Of AI,"117,552","115,572","58,690","42,362",36.65%,419,0.99%,193,0.46%,232,0.20%,0,0.00%,206,6,2.91%,cd877195-5c51-4f53-938b-29b288bf64f7,Daily News,98.32
"Oct 30, 2025",Why OpenAI Built A Browser,"116,297","115,090","61,284","44,623",38.77%,503,1.13%,259,0.58%,184,0.16%,0,0.00%,86,2,2.33%,b98d4302-9d34-4273-a1f1-12c9511052d5,Daily News,98.96
"Oct 31, 2025",Coding Test Showdown,"115,788","113,811","57,026","41,680",36.62%,431,1.03%,189,0.45%,248,0.22%,0,0.00%,92,1,1.09%,11bcf525-62c0-41a5-9e2e-15bb59b1e8b6,Daily News,98.29
"Nov 3, 2025",Why Chatbot Bans Often Backfire,"111,366","109,594","44,262","31,120",28.40%,"1,246",4%,142,0.46%,140,0.13%,0,0.00%,96,1,1.04%,c9d9c506-46ec-493d-a223-3f8467cd9893,Daily News,98.41
"Nov 4, 2025","India, Data, And AI Power","119,043","117,918","45,842","34,118",28.93%,980,2.87%,218,0.64%,270,0.23%,1,0.07%,46,1,2.17%,cbb52c33-16fb-461e-9dd5-5c3d9fdf4cfc,Daily News,99.05
"Nov 5, 2025",The Real Cost Of AI Hype,"117,662","115,651","55,026","40,562",35.07%,665,1.64%,211,0.52%,207,0.18%,0,0.00%,85,2,2.35%,1bc16367-2b9a-4501-9113-adf36898e1e2,Daily News,98.29
"Nov 6, 2025",Infrastructure Eats AI for Lunch,"108,243","107,162","46,542","33,231",31.01%,531,1.60%,175,0.53%,196,0.18%,0,0.00%,84,2,2.38%,a4334324-d289-403c-ab42-99b90223f040,Daily News,99.00
"Nov 6, 2025",The Future Is Rendered,0,0,0,0,,0,,0,,0,,0,,3,0,0.00%,11ff4d3a-8d8b-44ee-b4bc-d37183e6f85f,Daily News,#DIV/0!
"Nov 7, 2025",When Art Meets Algorithms,"107,253","106,182","48,139","34,686",32.67%,621,1.79%,173,0.50%,182,0.17%,0,0.00%,116,1,0.86%,fd8fbb47-cab6-47fc-a30d-d84fabbc0cbb,Daily News,99.00
"Nov 10, 2025",AI Needs A Moral Compass,"104,964","103,941","86,608","70,451",67.78%,"1,515",2.15%,139,0.20%,142,0.14%,0,0.00%,100,2,2.00%,25690ad0-3353-4c65-8cc5-c4844dc15d2c,Daily News,99.03
"Nov 11, 2025",OpenAI’s Power Play,"113,919","112,032","37,426","27,324",24.39%,403,1.47%,144,0.53%,212,0.19%,0,0.00%,95,0,0.00%,788c5dff-4c10-461d-9cbb-d364fd401acb,Daily News,98.34
"Nov 12, 2025","Creative Tools, Rewritten","123,425","121,743","46,577","33,799",27.76%,747,2.21%,235,0.70%,254,0.21%,0,0.00%,121,1,0.83%,0bd0d389-423e-4956-9498-f68835e8e207,Daily News,98.64
"Nov 13, 2025",Big Tech’s Bubble Math,"124,610","120,898","41,816","29,861",24.70%,417,1.40%,236,0.79%,374,0.31%,0,0.00%,152,1,0.66%,bb477df1-c9f6-4ad2-b190-6a2f6ece384f,Daily News,97.02
"Nov 14, 2025",Europe Hits The Brakes,"115,628","113,608","116,136","96,068",84.56%,774,0.81%,260,0.27%,339,0.30%,0,0.00%,147,7,4.76%,3fdf9895-d0ef-4775-8c25-096a53714f74,Daily News,98.25
"Nov 17, 2025",OpenAI’s Healthcare Gamble,"125,231","123,275","78,807","62,056",50.34%,"1,025",1.65%,312,0.50%,469,0.38%,0,0.00%,336,3,0.89%,0776f02b-a4c3-4857-a8da-8359e4d66505,Daily News,98.44
"Nov 18, 2025",The AI Inflection Point,"132,978","131,761","117,813","96,884",73.53%,794,0.82%,237,0.24%,389,0.30%,0,0.00%,908,2,0.22%,f5757be3-d308-4840-beac-2aefe5f7d14d,Daily News,99.08
"Nov 19, 2025",The AI Beat Drops,"133,345","132,200","93,754","74,990",56.72%,"1,352",1.80%,397,0.53%,561,0.42%,0,0.00%,604,1,0.17%,377e0668-73a3-407b-a81a-ab4ceb0a87b6,Daily News,99.14
"Nov 20, 2025",Why AI Runs On Shortages,"138,847","136,026","80,725","63,231",46.48%,888,1.40%,226,0.36%,342,0.25%,8,0.61%,440,2,0.45%,8b8ea2cf-ec4a-4dc6-922f-c8c4d5695017,Daily News,97.97
"Nov 21, 2025","AI In Court, For Real","143,580","140,708","88,489","68,843",48.93%,689,1%,326,0.47%,438,0.31%,9,0.64%,692,3,0.43%,c084a7cc-57f2-4567-a970-11b97d1752c5,Daily News,98.00
"Nov 24, 2025",AI Runs on Data... Who’s in Charge?,"135,721","133,291","81,871","65,643",49.25%,"1,184",1.80%,191,0.29%,286,0.21%,5,0.41%,91,2,2.20%,947159a3-5818-4947-9f71-853770946891,Daily News,98.21
"Nov 25, 2025",Who Really Runs AI?,"143,132","141,941","73,955","55,159",38.86%,812,1.47%,299,0.54%,425,0.30%,1,0.09%,140,1,0.71%,6603884e-deb9-4388-9e4c-ab7dcfd5bbfd,Daily News,99.17
"Nov 26, 2025",Content You Can’t Verify,"153,190","151,138","142,226","120,764",79.90%,"1,102",0.91%,265,0.22%,433,0.29%,5,0.39%,148,1,0.68%,8129a535-6edb-499d-8a3e-22d2af683bb5,Daily News,98.66
"Nov 27, 2025",How China Is Building Its AI Internet,"154,941","152,043","79,810","58,235",38.30%,730,1.25%,348,0.60%,424,0.28%,3,0.23%,126,4,3.17%,f6632616-00f7-4b35-8d58-2e3471b8378b,Daily News,98.13
"Nov 28, 2025",Who Controls AI’s Future?,"157,494","156,132","104,673","81,817",52.40%,"1,544",1.89%,316,0.39%,504,0.32%,1,0.08%,89,1,1.12%,fabeaa0f-de9c-48b7-8a83-7a9085215efc,Daily News,99.14
"Dec 1, 2025",Open vs. Closed AI,"149,475","148,148","57,040","40,620",27.42%,735,1.81%,361,0.89%,502,0.34%,3,0.25%,149,4,2.68%,edcabf23-59ed-4782-9284-34da74a4fc20,Daily News,99.11
"Dec 2, 2025",AI Gives Robots A Spine,"153,734","150,370","69,081","53,947",35.88%,"1,852",3.43%,260,0.48%,434,0.29%,3,0.26%,92,3,3.26%,fcfff403-dc5b-40f3-b0f4-0017e836c207,Daily News,97.81
"Dec 3, 2025",AI Wants to Be Your Friend,"161,974","159,037","164,773","134,270",84.43%,"3,009",2.24%,374,0.28%,558,0.35%,3,0.26%,156,2,1.28%,475f5a4a-e8dc-4ff0-9cfd-2bce36f07608,Daily News,98.19
"Dec 4, 2025",The Patent Tug-of-War,"153,081","151,422","71,050","54,464",35.97%,924,1.70%,255,0.47%,403,0.27%,1,0.09%,123,2,1.63%,406b87dc-a4c5-415f-af61-7a1844acb968,Daily News,98.92
"Dec 5, 2025",Who Really Controls AI?,"157,852","155,818","74,355","54,590",35.03%,844,1.55%,278,0.51%,344,0.22%,3,0.27%,107,3,2.80%,57df52cd-39ac-4c4a-9806-fc2284a9aa86,Daily News,98.71
"Dec 8, 2025",AI’s Cooling Crisis,"166,448","163,074","122,474","100,522",61.64%,"1,383",1.38%,321,0.32%,380,0.23%,0,0.00%,611,3,0.49%,9858e38c-c128-49c3-99ef-c08459a205bb,Daily News,97.97
"Dec 9, 2025","Racing Toward AGI, No Guardrails","157,289","155,528","106,170","84,171",54.12%,983,1.17%,254,0.30%,336,0.22%,0,0.00%,410,1,0.24%,9204f1a6-7571-4102-8500-e66088659f1e,Daily News,98.88
"Dec 10, 2025",The End Of Easy AI Dominance,"161,015","159,440","75,555","58,267",36.54%,"1,073",1.84%,325,0.56%,375,0.24%,2,0.19%,363,0,0.00%,8df22966-82de-4ce8-8b37-65b82440cee7,Daily News,99.02
"Dec 11, 2025",The Auto Industry’s AI Split,"159,481","156,464","80,977","66,109",42.25%,"1,474",2.23%,178,0.27%,293,0.19%,1,0.10%,"1,459",3,0.21%,3ec80dac-18b2-4c67-822a-6a5b4b9434c2,Daily News,98.11
"Dec 12, 2025",Moderating The Mess With AI,"152,086","150,530","79,215","62,404",41.46%,"1,862",2.98%,218,0.35%,250,0.17%,0,0.00%,225,1,0.44%,882529d2-5233-4d1c-b9e4-721ce5e2de3b,Daily News,98.98
"Dec 15, 2025",How AI Rewrites Empire,"150,963","149,185","62,035","46,193",30.96%,487,1.05%,165,0.36%,207,0.14%,0,0.00%,424,1,0.24%,bbaf0e08-25f3-47f6-9b0c-d1e832f73ee8,Daily News,98.82
"Dec 16, 2025","AI Power, Local Pain","150,404","148,919","121,238","80,607",54.13%,236,0.29%,180,0.22%,216,0.15%,0,0.00%,915,1,0.11%,c651e8a7-69bc-4239-9c74-743470c23088,Daily News,99.01
"Dec 17, 2025","Search Is Dead, Sort Of","159,313","157,764","141,681","102,451",64.94%,"1,330",1.30%,301,0.29%,314,0.20%,0,0.00%,"1,297",6,0.46%,fe43b6de-f29d-4a00-bc06-72ac0e947496,Daily News,99.03
"Dec 18, 2025",Your Copilot Is Just Search,"168,355","166,114","126,938","90,475",54.47%,"2,926",3.23%,251,0.28%,312,0.19%,3,0.29%,199,2,1.01%,f0ffc4c0-aec4-419b-ae52-fa7605f3d24f,Daily News,98.67
"Dec 19, 2025",Policies Before More Prompts,"162,334","158,985","51,817","35,852",22.55%,228,0.64%,152,0.42%,223,0.14%,2,0.20%,69,1,1.45%,0fe61e59-38da-4c64-bca3-5730c208b333,Daily News,97.94
"Dec 22, 2025",Your AI Bill Spike,"167,492","165,191","80,938","52,356",31.69%,584,1.12%,281,0.54%,297,0.18%,0,0.00%,319,5,1.57%,b5b6d939-4461-4083-bd79-ee6e27013df0,Daily News,98.63
"Dec 23, 2025",When Safety Meets Sovereignty,"167,119","162,919","64,205","42,922",26.35%,327,0.76%,170,0.40%,218,0.13%,0,0.00%,126,5,3.97%,17e781ec-6c24-4b68-92a9-a0ea28e12d09,Daily News,97.49
"Dec 26, 2025","AI Matures, Excuses Expire","152,747","151,268","95,006","65,445",43.26%,695,1.06%,195,0.30%,206,0.14%,0,0.00%,827,2,0.24%,6a78747e-6cb3-4c3c-8714-e72f97116a16,Daily News,99.03
"Dec 29, 2025",AI Capex vs Real Revenue,"152,201","150,429","55,358","41,676",27.70%,204,0.49%,164,0.39%,225,0.15%,0,0.00%,79,0,0.00%,25737d4e-63ac-4c73-8937-247a38a845ca,Daily News,98.84
"Dec 30, 2025",Who Really Writes AI Rules?,"151,889","150,287","142,413","105,353",70.10%,601,0.57%,159,0.15%,204,0.14%,2,0.18%,123,0,0.00%,3fcaf0f4-a10f-4d5e-8147-c8c3bb996e23,Daily News,98.95
"Jan 2, 2026",Inside AI’s Mental Side Effects,"151,290","149,462","88,118","62,387",41.74%,"1,020",1.63%,127,0.20%,162,0.11%,0,0.00%,205,3,1.46%,a96c38f3-0648-4df2-b2e4-3ffe43560133,Daily News,98.79
"Jan 5, 2026","One Nation, Fifty AI Rulebooks","173,585","171,882","121,317","94,661",55.07%,"1,627",1.72%,489,0.52%,582,0.34%,1,0.09%,712,5,0.70%,9803eb26-44b9-4dce-b861-978cb17003fd,Daily News,99.02
"Jan 6, 2026","Smuggled GPUs, Global Nerves","183,769","181,238","199,686","131,579",72.60%,"1,695",1.29%,387,0.29%,566,0.31%,2,0.19%,"2,060",2,0.10%,4918e56d-51f2-48e4-b23f-4b35df836eac,Daily News,98.62
"Jan 7, 2026","Sovereignty, Silicon, and Power","183,650","181,329","123,143","105,721",58.30%,"1,422",1.35%,395,0.37%,550,0.30%,0,0.00%,"1,966",0,0.00%,6abc6f41-9c72-4e57-a57e-98c99d439063,Daily News,98.74
"Jan 8, 2026",When States Outrun DC,"190,998","188,663","129,736","108,799",57.67%,"1,163",1.07%,397,0.36%,606,0.32%,0,0.00%,"1,041",1,0.10%,40c4a648-484f-43e4-93ba-7aa5f2480b35,Daily News,98.78
"Jan 9, 2026",Who Owns the AI Stories?,"183,280","182,464","172,091","153,747",84.26%,975,0.63%,266,0.17%,371,0.20%,1,0.10%,"1,484",2,0.13%,42cd3e17-8331-475f-9041-618fedf6e255,Daily News,99.55
"Jan 12, 2026",Biometrics At Every Border,"175,890","174,773","142,920","130,325",74.57%,"1,679",1.29%,223,0.17%,286,0.16%,0,0.00%,102,1,0.98%,7aae69ae-d921-414c-8e1e-8b61b74ad148,,99.36